ID,ChineseSimplified,English
STAnalysize,ST段分析,ST Analysis
SystemMaintenance,维护,Maintenance
SystemMaintenanceDesc,维护,Maintenance
CompileTime,编译时间,Compile Time
ChannelPressureEntitle1,压力标名1,Pressure Entitle1
ChannelPressureEntitle2,压力标名2,Pressure Entitle2
Adult,成人,Adult
Pediatric,小儿,Pediatric
Neonate,新生儿,Neonatal
AlarmLimit,报警限,Alarm Limit
Notch,陷波,Notch
MachineConfigIsUpdatedNow,机器配置现在已经更新。,The machine configuration has been updated.
IsRebootMachine,是否重启监护仪? ,Restart the monitor now?
UpdateTips,更新提示,Update Tips
ChangePasswordDesc,修改密码,Change Password
ChangePassword,修改密码,Change Password
OldPassword,旧密码,Old Password
ChangePasswordFail,修改密码失败,Change Password Failed
ChangePasswordSuccess,修改密码成功,Change Password Successfully
RESPModule,Resp,Resp
NIBPModule,NIBP,NIBP
TEMPModule,Temp,Temp
SPO2Module,SpO₂,SpO₂
NightModeMenu,夜间模式,Night Mode
NightModeMenuDesc,夜间模式设置,Night Mode
StopNIBPMeasure,停止NIBP测量,Stop NIBP Measure
EnterNightMode,进入夜间模式,Enter Night Mode
ExitNightMode,退出夜间模式,Exit Night Mode
UserFaceStandard,标准,Standard
UserFaceFullScreen,ECG全屏,ECG Full Screen
UserFaceOxyCRG,呼吸氧合图,OxyCRG
UserFaceTrend,趋势,Trend
UserFaceBigFont,大字体,Big Font
UserFaceCustom,自定义,Custom
UserFaceUnknow,未知,Unknow
UserFaceSpO2,SpO₂ ,SpO₂ Screen
ECG,ECG,ECG
HR,HR,HR
HR_PR,HR/PR,HR/PR
ST-I,ST-I,ST-I
ST-II,ST-II,ST-II
ST-III,ST-III,ST-III
ST-aVR,ST-aVR,ST-aVR
ST-aVL,ST-aVL,ST-aVL
ST-aVF,ST-aVF,ST-aVF
ST-V1,ST-V1,ST-V1
ST-V2,ST-V2,ST-V2
ST-V3,ST-V3,ST-V3
ST-V4,ST-V4,ST-V4
ST-V5,ST-V5,ST-V5
ExportFailed,导出失败,ExportFailed
ST-V6,ST-V6,ST-V6
PVCS,PVCS,PVCS
ST,ST,ST
Input,输入,Input
Output,输出,Output
ReviewWindow,回顾窗口,Review Window
CO2,CO₂,CO₂
ETCO2,EtCO₂,EtCO₂
FICO2,FiCO₂,FiCO₂
ETN2O,EtN₂O,EtN₂O
FIN2O,FiN₂O,FiN₂O
ETAA1,EtAA1,EtAA1
FIAA1,FiAA1,FiAA1
ETAA2,EtAA2,EtAA2
FIAA2,FiAA2,FiAA2
ETO2,EtO₂,EtO₂
FIO2,FiO₂,FiO₂
ART_SYS,ART收缩压,ART-SYS
ART_DIA,ART舒张压,ART-DIA
ART_MAP,ART平均压,ART-MAP
ART_PR,ART脉率,ART-PR
PA_SYS,PA收缩压,PA-SYS
PA_DIA,PA舒张压,PA-DIA
PA_MAP,PA平均压,PA-MAP
PA_PR,PA脉率,PA-PR
CVP_MAP,CVP,CVP-MAP
CVP_PR,CVP脉率,CVP-PR
LAP_MAP,LAP,LAP-MAP
LAP_PR,LAP脉率,LAP-PR
RAP_MAP,RAP,RAP-MAP
RAP_PR,RAP脉率,RAP-PR
ICP_MAP,ICP,ICP-MAP
ICP_PR,ICP脉率,ICP-PR
AUXP1_SYS,P1收缩压,P1-SYS
AUXP1_DIA,P1舒张压,P1-DIA
AUXP1_MAP,P1平均压,P1-MAP
AUXP1_PR,P1脉率,P1-PR
AUXP2_SYS,P2收缩压,P2-SYS
AUXP2_DIA,P2舒张压,P2-DIA
AUXP2_MAP,P2平均压,P2-MAP
AUXP2_PR,P2脉率,P2-PR
CO_CO,心排量,C.O.
CO_CI,心指数,C.I.
TB,血温,TB
SPO2,SpO₂,SpO₂
SPO2_2,SpO₂ 2,SpO₂ 2
SPO2_D,ΔSpO₂,ΔSpO₂
SPHB,SpHb,SpHb
SPOC,SpOC,SpOC
SPCO,SpCO,SpCO
SPMET,SpMet,SpMet
PR,PR,PR
PLETH,Pleth,Pleth
PLETH2,Pleth 2,Pleth 2
SpO2TrendWave,SpO₂,SpO₂
PVITrendWave,PVI,PVI
SpHbTrendWave,SpHb,SpHb
SpMetTrendWave,SpMet,SpMet
SpCOTrendWave,SpCO,SpCO
PRTrendWave,HR/PR,HR/PR
NIBP,NIBP,NIBP
RESP,Resp,Resp
ParameterColor,参数颜色,Parameter Color
ParameterColorDesc,参数颜色设置,Parameter Color
RR,RR,RR
BR,BR,BR
RR_BR,RR/BR,RR/BR
Close,关闭,Close
PatientID,病人ID,ID
PatientType,病人类型,Type
PatientSex,病人性别,Sex
Pacemaker,起搏器,Pacemaker
Wear,佩戴,Wear
NotWear,无佩戴,Not Wear
PatientBloodType,血型,Blood
PatientWeight,体重,Weight
PatientHeight,身高,Height
PatientMenu,病人,Patient
ECGLeadMode,导联模式,Lead Mode
ECGCalcLead,计算导联,Calc. Lead
ECGGain,增益,Gain
ECGSweepSpeed,波形速度,Sweep Speed
ECGQRSToneVolume,QRS 音量,QRS Volume
BeatVol,脉搏音量,Beat Volume
ECGMenu,ECG,ECG
ECGSTSWitch,ST开关,ST SWitch
ECGSTPoint,ST点,ST Point
ECGISOPoint,ISO点,ISO Point
ArrhythmiaAnalysisMenu,心律失常分析 ,Arrh.Analysis
ArrhythmiaAnalysisMenuDesc,心律失常分析 ,Arrh.Analysis
ArrhythmiaThresholdMenu,心律失常阈值,Arrh.Threshold
ArrhythmiaThresholdMenuDesc,心律失常阈值,"Arrh,Threshold"
Arrhythmia,心律失常 >>,Arrhythmia >>
ECGPaceDetection,起搏检测,Pace Detection
ECG12LPaceMarker,12导起搏标记,12L Pace maker
Asystole,停搏时间,Asystole
HeartPause,暂停时间,Heart Pause
Tachycardia,心动过速,Tachy cardia
Bradycardia,心动过缓,Brady cardia
Extachycardia,极度心动过速,Extachy cardia
Exbradycardia,极度心动过缓,Exbrady cardia
VentTachy,室速心律,Vent Tachy
VentBrady,室缓心律,Vent Brady
TachyPVC,室速PVC,Tachy PVC
BradyPVC,室缓PVC,Brady PVC
MultifPVC,多形PVC,Multif PVC
STMenu,ST,ST
AverageTime,平均时间,Average Time
Normal,正常,Normal
MaxSensitivity,高灵敏,High
FastSat,快速SpO₂,Fast SAT
SpHbPrecisionMode,SpHb精度模式,SpHb Precision Mode
SpHbVesselMode,SpHb动脉/静脉模式,SpHb Arterial/Venous Mode
SpHbAveragingMode,SpHb平均模式,SpHb Averaging Mode
SpHbUnit,SpHb 单位,SpHb Unit
PviAveragingMode,PVI平均模式,PVI Averaging Mode
AveragingNormal,正常,Normal
AveragingFast,快速,Fast
SpHbAveragingLong,长,Long
SpHbAveragingMedium,中,Medium
SpHbAveragingShort,短,Short
Nearest1,精确0.1,Nearest 0.1
Nearest5,精确0.5,Nearest 0.5
WholeNumber,整数,Whole Number
Arterial,动脉,Arterial
Venous,静脉,Venous
ConfigEditSpO2Menu,SpO₂,SpO₂
SPO2SmartPulseTone,智能脉搏音,Smart Pulse Tone
ConfigEditIBPMenu,有创血压,IBP
SPO2SweepSpeed,波形速度,Sweep Speed
SPO2PRDisplay,脉率显示,PR Display
SPO2Menu,SpO₂,SpO₂
SPO2SeniorMenu,SpO₂高级参数,SpO₂ Senior Param
ShowSignalIQ,信号指示,Signal IQ
LineFrequency,线路频率,Line Frequency
RESPSweepSpeed,波形速度,Sweep Speed
RESPMenu,Resp,Resp
RESPWaveMode,Resp波形模式,Resp Wave Mode
RESPCurve,曲线,Curve
RESPFilled,填充,Filled
RRLow,RR低,RR Low
RRHigh,RR高,RR High
EnterPassthroughMode,进入透传模式,Enter Passthrough Mode
ExitPassthroughMode,退出透传模式,Exit Passthrough Mode
SwitchPassthroughModeFail,切换透传模式失败,Switch Passthrough Mode Fail
FlashCRCError,Flash CRC 错误,Flash CRC Error
NIBPMeasurement,无创血压测量,NIBP Measure
NIBPMeasureMode,测量模式,Measure Mode
NIBPAutoInterval,自动间隔,Auto Interval
NIBPCompleteTone,NIBP完成音,NIBP Complete Tone
NIBPZEROING,校零中,ZEROING
NIBPMenu,NIBP,NIBP
NIBPMenuDesc,NIBP,NIBP
NIBPDirectiveTimeout,指令超时,Directive Timeout
NIBPModuleEnterFail,进入校准模式失败,Calibrate mode enter fail
NIBPCalibrateModelEnterFail,进入校准模式失败,Calibrate Mode Enter Fail
EnterCalibrateMode,进入校准模式,Enter Calibrate
QuitCalibrateMode,退出校准模式,Quit Calibrate
QuitManometerMode,退出压力计模式,Quit Manometer
EnterManometerMode,进入压力计模式,Enter Manometer
QuitPressureContrlMode,退出压力操控模式,Quit Pressure Control
EnterPressureContrlMode,进入压力操控模式,Enter Pressure Control
EnterZeroMode,进入校零模式,Enter Zero
QuitZeroMode,退出校零模式,Quit Zero
OperationFailedPleaseAgain,"操作失败,请重试!","Operation failed , Please retry!"
PumpSpeed,气泵充气速度,Pump Speed
ValveControl,气阀控制,Valve Control
InflationPressure,充气压力,Inflation Pressure
OverpressureProtect,过压保护,Over Pressure Protect
NIBPPressureControlModelEnterFail,进入压力控制模式失败,Enter Pressure Control Mode Failed
NIBPModuleDisable,NIBP模块禁用,NIBP Module Disable
CO2SweepSpeed,波形速度,Sweep Speed
CO2WaveMode,CO₂波形模式,CO₂ Wave Mode
CO2Curve,曲线,Curve
CO2Filled,填充,Filled
O2Compensation,O₂补偿(%),O₂ Compensation(%)
N2OCompensation,N₂O补偿(%),N₂O Compensation(%)
CO2ZeroCalib,CO₂校零,CO₂ Zero
CO2ZeroStart,开始,Start
CO2Menu,CO₂,CO₂
CO2Switch,CO₂开关,CO₂ Switch
CO2WorkMode,CO₂工作模式,CO₂ Work Mode
O2Module,O₂,O₂
O2Menu,O₂,O₂
O2MenuDesc,O₂,O₂
O2Setting,O₂设置,O₂ Setting
O2CalibrateReset,氧浓度校准数据被复位,O₂ Calibrate Is Reset
O2NotCalibrate,氧浓度传感器未校准,O₂ Sensor Not Calibrate
O2MotorNotInPositon,唤醒器脱落,Motor Sensor Off
O2SensorOff,氧浓度探头脱落,O₂ Sensor Off
O2DataTransmissionStop,O₂发送通信中断,O₂ Data Transmission Stop
O2Low,氧浓度低,O₂ Low
O2High,氧浓度高,O₂ High
ApneaStimulation,窒息唤醒,Apnea Stimulation
ApneaStimulationSetup,窒息唤醒设置,Apnea Stimulation Setup
ApneaStimulationMenu,窒息唤醒,Apnea Stimulation
ApneaStimulationMenuDesc,窒息唤醒,Apnea Stimulation
SelfTest,自测,Self Test
VibrationIntensity,震动强度,Vibration Intensity
AGMenu,AG,AG
AGSweepSpeed,波形速度,Sweep Speed
IBPMenu,IBP,IBP
IBPSweepSpeed,波形速度,Sweep Speed
PressureEntitle,压力标名,Label
Sensitivity,灵敏度,Sensitivity
FilterMode,滤波模式,Filter Mode
IBPZero,IBP校零,IBP Zero
ZeroChannel,校零通道,Zero Channel
IBPZeroing,IBP校零中,IBP Zeroing
ZeroFailed,校零失败,Zero Failed
ZeroSuccessfully,校零成功,Zero Successfully
Zero,校零,Zero
IBPCalibrate,IBP校准,IBP Calibrate
IBPCalibrateDesc,IBP校准,IBP Calibrate
IBPCalibrating,IBP正在校准,IBP Calibrating
CalibrateChannel,校准通道,Calibrate Channel
CalibratePoint,校准点,Calibrate Point
CalibrateSuccessfully,校准成功,Calibrate Successfully
CalibrateFailed,校准失败,Calibrate Failed
COMenu,C.O.,C.O.
Auto,自动,Auto
Manual,手动,Manual
ComputationConst,C.O.系数,Computation Constant
InjectateTempSource,注射液温度来源,Injectate Temp Source
InjectateTemp,注射液温度,Injectate Temp
InjectateVolume,注射液体积,Injectate Volume
COMeasure,C.O.测量,C.O. Measure
MeasureMode,测量模式,Measure Mode
ModuleNotConnected,模块未连接,Module Is Not Connected
ReadyForNewMeasurement,可进行新测量,Ready For New Measurement
InjectNow,立即注射,Inject Now
PleaseWait,请等待...,Please Wait...
MeasurementInProgress,正在测量...,Measurement In Progress...
MeasurementCancel,取消测量,Cancel Measurement
MeasurementTimeout,测量超时,Measurement Timeout
MeasurementFail,测量失败,Measurement Fail
MeasureCompleted,测量完成,Measure Completed
NoInjectateProbe,无注射探针,No Injectate Probe
Save,保存,Save
TEMP,Temp,Temp
T1,T1,T1
T2,T2,T2
TD,ΔT,ΔT
ConfigEditTEMPMenu,Temp,Temp
ConfigEditTEMPMenuDesc,Temp,Temp
TEMPMenuContent,Temp,Temp
TEMPMenuContentDesc,Temp,Temp
TEMPUnit,单位,Unit
TEMP1Low,Temp1低,Temp1 Low
TEMP1High,Temp1高,Temp1 High
MeasureSettingMenu,测量设置,Measure Setting
MeasureSettingMenuDesc,测量设置,Measure Setting
ECGSetting,ECG设置,ECG Setting
RESPSetting,Resp设置,Resp Setting
TEMPSetting,Temp设置,Temp Setting
AGSetting,AG设置,AG Setting
IBPSetting,IBP设置,IBP Setting
COSetting,C.O.设置,C.O. Setting
SPO2Setting,SpO₂设置,SpO₂ Setting
SPO2SeniorSetting,SpO₂高级参数设置,SpO₂ Senior Setting
RRSource,RR来源,RR Source
BRSource,BR来源,BR Source
NIBPSetting,NIBP设置,NIBP Setting
HRSourceAuto,自动,Auto
HRSourceECG,ECG,ECG
HRSourceSPO2,SpO₂,SpO₂
HRSourceIBP,IBP,IBP
HR_PRSource,HR/PR来源,HR/PR Source
CO2Setting,CO₂设置,CO₂ Setting
PatientManager,病人管理,Patient Setup
PatientManagerDesc,病人管理,Patient Setup
PatientInfo,病人信息,Patient Info
AdmitPatient,接收病人,Admit Patient
Admit,接收病人,Admit
NormalFunctionMenu,常规功能,Normal Function
NormalFunctionMenuDesc,常规功能,Normal Function
Calculate,计算,Calculate
WiFiProfile,WiFi配置,WiFi Profile
Standy,待机,Standy
CalculateWindow,计算,Calculate Window
PressAnyKeysToExit,请按压任何按键退出待机模式,Press Any Keys To Exit
TEMP2Low,Temp2低,Temp2 Low
TEMP2High,Temp2高,Temp2 High
TEMPTDLow,Temp差低,ΔT Low
TEMPTDHigh,Temp差高,ΔT High
TEMP1SensorOff,Temp1探头脱落,Temp1 Sensor Off
PrintSettingMenu,打印设置,Print Setting
PrintSettingMenuDesc,打印设置,Print Setting
Continous,连续,Continous
TEMP2SensorOff,Temp2探头脱落,Temp2 Sensor Off
TEMPSensorOffAll,Temp探头全部脱落,All Temp Sensor Off
TEMP1OverRange,Temp1超界,Temp1 Out of Range
TEMP2OverRange,Temp2超界,Temp2 Out of Range
TEMPOverRangeAll,Temp全部超界,All Temp Out of Range
TEMP1ProbeTypeError,Temp1探头类型错误,Temp1 Probe Type Error
TEMP2ProbeTypeError,Temp2探头类型错误,Temp2 Probe Type Error
TEMPProbeTypeErrorAll,Temp探头类型全部错误,All Temp Probe Type Error
TEMPCommunicationStop,Temp通信中断,Temp Communication Stop
celsius,℃,℃
fahrenheit,℉,℉
percent,%,%
gdL,g/dL,g/dL
mmolL,mmol/L,mmol/L
mLdL,mL/dL,mL/dL
lpm,L/min,L/min
lpmpsqm,L/min/m²,L/min/m²
Defaults,恢复默认值,Defaults
SureAllAlarmDefaults,"所有报警设置将恢复默认值,您确定进行吗?",All alarm settings will reset to the defaults. Are you sure to continue?
SureAllDataErase,"所有历史数据会被擦除,您确定进行吗?","All historical data will be erased,Are you sure to continue?"
AlarmSettingUp,报警限设置,Alarm Setting Up
LatchLockSwitch,报警栓锁,Alarm Latch Lock
AlarmLimitMenu,报警限,Alarm Limit
AlarmLimitMenuDesc,报警限,Alarm Limit Setting
SelectAlarmNotExist,选择的报警不存在!,The selected alarm does not exist!
PrintSpeed,打印速度,Print Speed
PhyAlarmTriggerPrint,生理报警触发打印,Phy. Alarm Trigger Print
CodeMarkerTriggerPrint,Code Marker触发打印,Code Marker Trigger Print
NIBPReadingTriggerPrint,NIBP快照触发打印,NIBP Snapshot Trigger Print
WaveFreezeTriggerPrint,波形冻结触发打印,Wave Freeze Trigger Print
PrintSetup,打印设置,Print Setup
WaveLength,波形长度,Wave Length
SystemAlarmVolume,报警音量,Alarm Audio Volume
MinimumALarmVolume,最低报警音量,Minimum Alarm Volume
DefaultAlarmVolume,默认报警音量,Default Alarm Volume
SystemBrightness,屏幕亮度,Brightness
ECGMenuDesc,ECG,ECG
STMenuDesc,ST,ST
SPO2MenuDesc,SpO₂,SpO₂
SPO2SeniorMenuDesc,SpO₂高级参数,SpO₂ Senior Param
RESPMenuDesc,Resp,Resp
CO2MenuDesc,CO₂,CO₂
IBPMenuDesc,IBP,IBP
COMenuDesc,C.O.,C.O.
TEMPMenu,Temp,Temp
TEMPMenuDesc,Temp,Temp
AGMenuDesc,AG,AG
SystemInfoSetting,系统信息,System Info
ErrorLog,错误日志,Error Log
SomeLimitAlarmDisabled,有超限报警被关闭,Some Limit Alarms Disabled
PowerupCommunicationStop,前面板通信中断,System Board Communication Stop
WiFiMenu,无线网络,Wifi
WiFiMenuDesc,无线网络,Wifi
Add,添加,Add
Edit,编辑,Edit
Delete,删除,Delete
On,打开,On
Off,关闭,Off
Yes,是,Yes
EnglishYESChineseSURE,确定,Yes
No,否,No
Disable,禁用,Disable
Enable,启用,Enable
AccessPointProfile,接入点配置,Access Point Profile
ConfiguredAccessPointProfiles,接入点配置,Configured Access Point Profiles
SelectAccessPoint,接入点,Access Point
ProfileName,配置名,Profile Name
NoProfileName,配置名空,No Profile Name
PleaseInputProfileName,请输入配置名,Please Input Profile Name
NoSSID,SSID空,No SSID
PleaseInputSSIDName,请输入SSID,Please Input SSID
SecurityKeyError,密码错误,Security Key Error
WpaPskRequires,WPA PSK要求密码长度范围在8 ~ 64,WPA PSK requires the range of the password lenght: 8 ~ 64
WiFiProfileEdit,WiFi配置编辑,Edit WiFi Profile
WiFiProfileMenuContent,WiFi配置,Wifi
WiFiProfileMenuContentDesc,WiFi配置编辑,Wifi Setting
StaticIp,静态IP,Static IP
NetworkSetting,网络设置,Network Setting
Mac,Mac,Mac
LocalIp,本地IP,Local IP
WiFiAP,SSID,SSID
EncryptType,加密类型,Encrypt Type
GetIPFailed,获取动态IP失败,Get Dynamic IP Failed
SubnetMask,子网掩码,Subnet Mask
GateWay,网关,Gateway
PreferredDNS,首选DNS,Preferred DNS
AlternateDNS,备用DNS,Alternate DNS
EnglishKeyboard,英语键盘,English Keyboard
NumberKeyboard,数字键盘,Number Keyboard
ErrorInput,输入错误,Error Input
Male,男性,Male
Female,女性,Female
PatientName,病人姓名,Name
PatientInformation,病人信息,Patient Information
RelievePatient,解除病人,Discharge Patient
Discharge,解除病人,Discharge
isRelievePatient,是否解除病人,Whether to discharge patient?
ClearPatientData,清除当前病人数据,Clear Current Patient Data
isClearPatient,是否清除当前病人数据,Whether to clear the current patient data?
WhetherStandby,是否进入待机？,Whether to enter standby mode?
DischargeAndRecePatient,"解除当前病人,接收新病人?",Discharge the current patient and receive new patient?
ScreenSetup,界面布局,Layout
ResetLayout,重置布局,Reset Layout
DefaultLayout,默认布局,Default Layout
SaveLayout,保存布局,Save Layout
Enter,确定,Enter
Cancel,取消,Cancel
Exit,退出,Exit
ECGNormal,常规,Normal
ECG5-Lead-Full,5导全屏,5-Lead Full
ECG12-Lead-Full,12导全屏,12-Lead Full
SPO2SensLow,低,Low
SPO2SensMed,中,Medium
SPO2SensHigh,高,High
NIBPManual,手动,Manual
NIBPAUTO,自动,Auto
NIBPManualStart,手动启动自动测量,Start Auto Measure Manually
NIBPCONT,连续,Continuous
STATCLOSE,STAT模式关闭,STAT Close
STATSTOPPED,STAT停止,STAT Stopped
STATOPEN,STAT模式打开,STAT Open
STATCOMPLETING,STAT完成中,STAT Completing
STATSTOP,关闭STAT,Stop STAT
STATSTART,打开STAT,Start STAT
STATDONE,STAT完成,STAT Done
NIBPADDITIONAL,额外,Additional
NIBPAdditionMeasure,NIBP额外测量,NIBP Additional Measure
NIBPMEASURE,测量,Measure
NIBPREADING,测量,Reading
NIBPFAILED,失败,Failed
NIBPSTOPPED,停止,Stopped
NIBPWAITING,NIBP等待,NIBP Waiting
NIBPNoResponse,无响应,No Response
NIBPTemporarily,临时,Temporarily
NIBPDisable,故障,Fault
NIBPStop,停用,Stop use
NIBPNotCalibrate,未校准,Not Calibrate
_1min,1 分钟,1 min
_1.5min,1.5 分钟,1.5 min
_2min,2 分钟,2 min
_2.5min,2.5 分钟,2.5 min
_3min,3 分钟,3 min
_3.5min,3.5 分钟,3.5 min
_4min,4 分钟,4 min
_5min,5 分钟,5 min
_8min,8 分钟,8 min
_10min,10 分钟,10 min
_15min,15 分钟,15 min
_20min,20 分钟,20 min
_30min,30 分钟,30 min
_45min,45 分钟,45 min
_60min,60 分钟,60 min
_90min,90 分钟,90 min
_120min,120 分钟,120 min
min,分,min
Parameter,参数,Parameter
AlarmStatus,状态,Status
LowerLimit,低限,Low
UpperLimit,高限,High
NIBP_SYS,收缩压,SYS
NIBP_DIA,舒张压,DIA
NIBP_MAP,平均压,MAP
NIBP_PR,脉率,PR
ECG3-Lead,3导联,3-Lead
ECG5-Lead,5导联,5-Lead
ECG12-Lead,12导联,12-Lead
_8sec, 8 秒, 8 s
_10sec,10 秒,10 s
_15sec,15 秒,15 s
_16sec,16 秒,16 s
_20sec,20 秒,20 s
_25sec,25 秒,25 s
_30sec,30 秒,30 s
_32sec,32 秒,32 s
_35sec,35 秒,35 s
_40sec,40 秒,40 s
_45sec,45 秒,45 s
_50sec,50 秒,50 s
_55sec,55 秒,55 s
_60sec,60 秒,60 s
_90sec,90 秒,90 s
_120sec,120 秒,120 s
_150sec,150 秒,150 s
_180sec,180 秒,180 s
_210sec,210 秒,210 s
_240sec,240 秒,240 s
sec,秒,second
DataReviewMenu,数据回顾,Data Review
DataReviewMenuDesc,数据回顾,Data Review
Print,打印,Print
AlarmDescription,报警描述,Alarm Description
PhyAlarmList,生理报警,Physiological Alarm
TechAlarmList,技术报警,Technical Alarm
AlarmTime,时间,Time
AlarmPriority,优先级,Priority
High,高,High
Medium,中,Med
Low,低,Low
HRHigh,HR高,HR High
HRLow,HR低,HR Low
PVCSLow,PVCS 低,PVCS Low
PVCSHigh,PVCS 高,PVCS High
ST-Low,ST-I 低,ST-I Low
ST-High,ST-I 高,ST-I High
ST-IILow,ST-II 低,ST-II Low
ST-IIHigh,ST-II 高,ST-II High
ST-IIILow,ST-III 低,ST-III Low
ST-IIIHigh,ST-III 高,ST-III High
ST-aVRLow,ST-aVR 低,ST-aVR Low
ST-aVRHigh,ST-aVR 高,ST-aVR High
ST-aVLLow,ST-aVL 低,ST-aVL Low
ST-aVLHigh,ST-aVL 高,ST-aVL High
ST-aVFLow,ST-aVF 低,ST-aVF Low
ST-aVFHigh,ST-aVF 高,ST-aVF High
ST-V1Low,ST-V1 低,ST-V1 Low
ST-V1High,ST-V1 高,ST-V1 High
ST-V2Low,ST-V2 低,ST-V2 Low
ST-V2High,ST-V2 高,ST-V2 High
ST-V3Low,ST-V3 低,ST-V3 Low
ST-V3High,ST-V3 高,ST-V3 High
ST-V4Low,ST-V4 低,ST-V4 Low
ST-V4High,ST-V4 高,ST-V4 High
ST-V5Low,ST-V5 低,ST-V5 Low
ST-V5High,ST-V5 高,ST-V5 High
ST-V6Low,ST-V6 低,ST-V6 Low
ST-V6High,ST-V6 高,ST-V6 High
ECGArrASYSTOLE,停搏,Asystole
ECGArrVFIBVTAC,室颤/室速,VFIB/VTAC
ECGArrRONT,R ON T,R ON T
ECGArrVTL2,多发室早,VT>2
ECGArrCOUPLET,两个室早,COUPLET
ECGArPVC,单个室早,PVC
ECGArrBIGEMINY,室早二联律,BIGEMINY
ECGArrTRIGEMINY,室早三联律,TRIGEMINY
ECGArrTACHY,心动过速,TACHY
ECGArrBRADY,心动过缓,BRADY
ECGrrPNC,起搏器未捕获,PNC
ECGArrPNP,起搏器未起搏,PNP
ECGArrMISSEDBEATS,漏搏,MISSED BEATS
ECGArrSINUS,窦性心律不齐,SINUS
ECGArrVENT,室性节律,VENT
ECGArrIRR,心律不齐,IRR
LeadOff,导联脱落,Lead Off
ECGLeadOff,ECG导联脱落,ECG Lead Off
ECGVLeadOff,ECGV导联脱落,ECG V Lead Off
ECGV1LeadOff,ECGV1导联脱落,ECG V1 Lead Off
ECGV2LeadOff,ECGV2导联脱落,ECG V2 Lead Off
ECGV3LeadOff,ECGV3导联脱落,ECG V3 Lead Off
ECGV4LeadOff,ECGV4导联脱落,ECG V4 Lead Off
ECGV5LeadOff,ECGV5导联脱落,ECG V5 Lead Off
ECGV6LeadOff,ECGV6导联脱落,ECG V6 Lead Off
ECGCLeadOff,ECGC导联脱落,ECG C Lead Off
ECGC1LeadOff,ECGC1导联脱落,ECG C1 Lead Off
ECGC2LeadOff,ECGC2导联脱落,ECG C2 Lead Off
ECGC3LeadOff,ECGC3导联脱落,ECG C3 Lead Off
ECGC4LeadOff,ECGC4导联脱落,ECG C4 Lead Off
ECGC5LeadOff,ECGC5导联脱落,ECG C5 Lead Off
ECGC6LeadOff,ECGC6导联脱落,ECG C6 Lead Off
ECGOverLoad,ECG过载,ECG Over Load
ECGCommunicationStop,ECG通信中断,ECG Communication Stop
ECGSendCommunicationStop,ECG发送通信中断,ECG Send Communication Stop
RESPCommunicationStop,Resp通信中断,Resp Communication Stop
RESPCheckElecrodes,Resp检查电极,Resp Check Electrodes
Apnea,呼吸窒息,Apnea
SPO2Low,SpO₂低,SpO₂ Low
SPO2High,SpO₂高,SpO₂ High
SPO22Low,SpO₂ 2 低,SpO₂ 2 Low
SPO22High,SpO₂ 2 高,SpO₂ 2 High
SPO2DLow,ΔSpO₂低,ΔSpO₂ Low
SPO2DHigh,ΔSpO₂高,ΔSpO₂ High
PVILow,PVI低,PVI Low
PVIHigh,PVI高,PVI High
SPHBLow,SpHb低,SpHb Low
SPHBHigh,SpHb高,SpHb High
SPOCLow,SpOC低,SpOC Low
SPOCHigh,SpOC高,SpOC High
SPMETLow,SpMet低,SpMet Low
SPMETHigh,SpMet高,SpMet High
SPCOLow,SpCO低,SpCO Low
SPCOHigh,SpCO高,SpCO High
SPO2PRLow,PR低,PR Low
SPO2PRHigh,PR高,PR High
SPO2Initializing,SpO₂初始化,SpO₂ initializing
SPO2PulseSearch,SpO₂搜索脉搏,SpO₂ Pulse Search
SPO2PulseSearchTooLong,SpO₂脉搏搜索时间过长,SpO₂ Pulse Search Too Long
SPO2SensorOff,SpO₂传感器脱落,SpO₂ Sensor Off
SpO2Sensor,SpO₂传感器,SpO₂ Sensor
SPO2CheckSensor,SpO₂检查探头,SpO₂ Check Sensor
SPO22CheckSensor,SpO₂ 2检查探头,SpO₂ 2 Check Sensor
SPO2SearchPulseTooLong,SpO₂脉搏搜索时间过长,SpO₂ Search Pulse Too Long
SPO2SearchingPulse,SpO₂脉搏搜索,SpO₂ Searching Pulse
SPO2CommunicationStop,SpO₂通信中断,SpO₂ Communication Stop
SPO22CommunicationStop,SpO₂ 2通信中断,SpO₂ 2 Communication Stop
SPO2ProbeFault,SpO₂探头故障,SpO₂ Probe Fault
Spo2DataTransmissionStop,SpO₂发送通信中断,SpO₂ Data Transmission Stop
SPO2ProbeFault,SpO₂探头故障,SpO₂ Sensor Failure
SPO2SignalSaturation,SpO₂信号饱和,SpO₂ Signal Saturation
SPO22SignalSaturation,SpO₂ 2信号饱和,SpO₂ 2 Signal Saturation
CO2NoSamplingLine,CO₂没有采样管,CO₂ No Sampling Line
CO2EtCO2Low,EtCO₂ 低,EtCO₂ Low
CO2EtCO2High,EtCO₂ 高,EtCO₂ High
CO2FiCO2Low,FiCO₂ 低,FiCO₂ Low
CO2FiCO2High,FiCO₂ 高,FiCO₂ High
CO2BRLow,BR 低,BR Low
CO2BRHigh,BR 高,BR High
CO2MotorError,CO₂电机转速超限,CO₂ Motor Speed Out of bounds
CO2SoftwareError,CO₂软件错误,CO₂ Software Error
CO2HardwareError,CO₂硬件错误,CO₂ Hardware Error
CO2MissFactoryCali,CO₂未校准,CO₂ Miss Factory Calib
CO2ReplaceAdapter,CO₂更换适配器,CO₂ Replace Adapter
CO2NoAdapter,CO₂无适配器,CO₂ No Adapter
CO2OutRange,CO₂超出精度范围,CO₂ Out of Accuracy Range
CO2TempOutRange,CO₂内部温度超界,CO₂ Temp Out of Range
CO2BaroPressOutRange,CO₂大气压力超限,CO₂ Baro Pressure Out of Range
CO2ZeroRequired,CO₂需要校零,CO₂ Zero Required
CO2ZeroDisable,CO₂禁止校零,CO₂ Zero Disable
CO2ZeroInprogress,CO₂校零中,CO₂ Zero In Progress
CO2SpanCalibFailed,CO₂校准失败,CO₂ Span Calib Failed
CO2SpanCalibInprogress,CO₂正在校准,CO₂ Span Calib In Progress
CO2ZeroAndSpanDisable,CO₂禁止校零和校准,CO₂ Zero and Span Disable
CO2SamplingLineClogged,"CO₂ 流速低,采样管堵塞","CO₂ Low Flow Rate, Sample Line Clogged"
CO2NoSampleLine,CO₂没有采样线,CO₂ No Sample Line
CO2CalibratePotency,校准浓度,Calibration Denstiy
CO2CommunicationStop,CO₂通讯停止,CO₂ Communication Stop
CO2Calibrate,CO₂校准,CO₂ Calibrate
CO2CalibrateMenu,CO₂校准,CO₂ Calibrate
CO2CalibrateDesc,CO₂校准,CO₂ calibrate
SensorOff,传感器脱落,Sensor Off
IBP1SensorOff,IBP通道1传感器脱落,IBP1 sensor off
IBP2SensorOff,IBP通道2传感器脱落,IBP2 sensor off
IBP1ZeroCalibSuccess,IBP通道1校零成功,IBP1 zero success
IBP1MeasurePressureIsPulse,IBP通道1测量压力是动脉,IBP1 zero is pluse
IBP1ZeroCalibPressureBeyondMeasureRange,IBP通道1校零压力超出范围,IBP1 zero beyond range
IBP1LeadOffZeroCalibFail,IBP通道1校零失败,IBP1 zero fail
IBP1NoSetZeroCalibTime,IBP通道1没有设置校零时间,IBP1 not set zero time
IBP2ZeroCalibSuccess,IBP通道2校零成功,IBP2 zero success
IBP2MeasurePressureIsPulse,IBP通道2测量压力是动脉,IBP2 zero is pluse
IBP2ZeroCalibPressureBeyondMeasureRange,IBP通道2校零压力超出范围,IBP2 zero beyond range
IBP2LeadOffZeroCalibFail,IBP通道2校零失败,IBP2 zero fail
IBP2NoSetZeroCalibTime,IBP通道2没有设置校零时间,IBP2 not set zero time
IBP1CalibrationSuccess,IBP通道1校准成功,IBP1 calibration success
IBP1MeasurePressureIsPulse,IBP通道1测量压力是动脉,IBP1 calibration is pluse
IBP1CalibrationPressureBeyondMeasureRange,IBP通道1校准压力超出范围,IBP1 calibration beyond range
IBP1NoZeroCalib,IBP通道1没有校零,IBP1 not zero calibration
IBP1LeadOffCalibrationFail,IBP通道1校准失败,IBP1 calibration fail
IBP1NoSetCalibrationTime,IBP通道1没有设置校准时间,IBP1 not set calibration time
IBP2CalibrationSuccess,IBP通道2校准成功,IBP2 calibration success
IBP2MeasurePressureIsPulse,IBP通道2测量压力是动脉,IBP2 calibration is pluse
IBP2CalibrationPressureBeyondMeasureRange,IBP通道2校准压力超出范围,IBP2 calibration beyond range
IBP2NoZeroCalib,IBP通道2没有校零,IBP2 not zero calibration
IBP2LeadOffCalibrationFail,IBP通道2校准失败,IBP2 calibration fail
IBP2NoSetCalibrationTime,IBP通道2没有设置校准时间,IBP2 not set calibration time
IBPCommunicationStop,IBP通信中断,IBP Communication Stop
ARTSYSLow,ART收缩压低,ART SYS Low
ARTSYSHigh,ART收缩压高,ART SYS High
ARTDIALow,ART舒张压低,ART DIA Low
ARTDIAHigh,ART舒张压高,ART DIA High
ARTMAPLow,ART平均压低,ART MAP Low
ARTMAPHigh,ART平均压高,ART MAP High
ARTPRLow,ART脉率低,ART PR Low
ARTPRHigh,ART脉率高,ART PR High
PASYSLow,PA收缩压低,PA SYS Low
PASYSHigh,PA收缩压高,PA SYS High
PADIALow,PA舒张压低,PA DIA Low
PADIAHigh,PA舒张压高,PA DIA High
PAMAPLow,PA平均压低,PA MAP Low
PAMAPHigh,PA平均压高,PA MAP High
PAPRLow,PA脉率低,PA PR Low
PAPRHigh,PA脉率高,PA PR High
CVPMAPLow,CVP平均压低,CVP MAP Low
CVPMAPHigh,CVP平均压高,CVP MAP High
CVPPRLow,CVP脉率低,CVP PR Low
CVPPRHigh,CVP脉率高,CVP PR High
LAPMAPLow,LAP平均压低,LAP MAP Low
LAPMAPHigh,LAP平均压高,LAP MAP High
LAPPRLow,LAP脉率低,LAP PR Low
LAPPRHigh,LAP脉率高,LAP PR High
RAPMAPLow,RAP平均压低,RAP MAP Low
RAPMAPHigh,RAP平均压高,RAP MAP High
RAPPRLow,RAP脉率低,RAP PR Low
RAPPRHigh,RAP脉率高,RAP PR High
ICPMAPLow,ICP平均压低,ICP MAP Low
ICPMAPHigh,ICP平均压高,ICP MAP High
ICPPRLow,ICP脉率低,ICP PR Low
ICPPRHigh,ICP脉率高,ICP PR High
AUXP1SYSLow,P1收缩压低,P1 SYS Low
AUXP1SYSHigh,P1收缩压高,P1 SYS High
AUXP1DIALow,P1舒张压低,P1 DIA Low
AUXP1DIAHigh,P1舒张压高,P1 DIA High
AUXP1MAPLow,P1平均压低,P1 MAP Low
AUXP1MAPHigh,P1平均压高,P1 MAP High
AUXP1PRLow,P1脉率低,P1 PR Low
AUXP1PRHigh,P1脉率高,P1 PR High
AUXP2SYSLow,P2收缩压低,P2SYS Low
AUXP2SYSHigh,P2收缩压高,P2 SYS High
AUXP2DIALow,P2舒张压低,P2 DIA Low
AUXP2DIAHigh,P2舒张压高,P2 DIA High
AUXP2MAPLow,P2平均压低,P2 MAP Low
AUXP2MAPHigh,P2平均压高,P2 MAP High
AUXP2PRLow,P2脉率低,P2 PR Low
AUXP2PRHigh,P2脉率高,P2 PR High
COCOLow,心排量低,CO Low
COCOHigh,心排量高,CO High
COCILow,心指数低,CI Low
COCIHigh,心指数高,CI High
COTBLow,血温低,TB Low
COTBHigh,血温高,TB High
NIBPSYSLow,收缩压低,NIBP SYS Low
NIBPSYSHigh,收缩压高,NIBP SYS High
NIBPDIALow,舒张压低,NIBP DIA Low
NIBPDIAHigh,舒张压高,NIBP DIA High
NIBPMAPLow,平均压低,NIBP MAP Low
NIBPMAPHigh,平均压高,NIBP MAP High
NIBPCommunicationStop,NIBP通信中断,NIBP Communication Stop
NIBPDataTransmissionStop,NIBP发送通信中断,NIBP Data Transmission Stop
NIBPSelftestFailed,NIBP自测失败,NIBP Selftest Failed
NIBPModuleAbnormal,NIBP模块异常,NIBP Module Abnormal
NIBPModuleNotCalibrate,NIBP未校准,NIBP Module Not Calibrated
NIBPModuleError,NIBP模块硬件错误,NIBP Module Hardware Error
NIBPModuleOverPressure,NIBP模块过压,NIBP Module Overpressure
NIBPCommunicationTimeout,NIBP通信超时,NIBP Communication Timeout
NIBPMeasurementAbort,测量中止,NIBP Measurement Aborted
NIBPCuffTypeError,NIBP袖带类型错,NIBP Cuff Type Error 
NIBPCuffError,NIBP袖带错误,NIBP Cuff Error
NIBPCuffAirLeakage,NIBP袖带漏气,NIBP Cuff Air Leakage
NIBPPneumaticBlockage,NIBP气管堵塞,NIBP Pneumatic Blockage
NIBPCuffOverPressure,NIBP袖带压力过压,NIBP Cuff Over Pressure
NIBPPressureError,NIBP压力错,NIBP Pressure Error
NIBPSignalWeak,NIBP信号微弱,NIBP Signal Weak
NIBPSignalSaturation,NIBP信号饱和,NIBP Signal Saturation
NIBPMeasureOverRange,NIBP测量超界,Measure Over Range
NIBPMeasureTimeout,NIBP测量超时,NIBP Measure Timeout
NIBPExcessiveMoving,NIBP过分运动,NIBP Excessive Moving
NIBPHardwareError,NIBP硬件错误,NIBP Hardware Error
NIBPTransducerOverRange,NIBP传感器超界,NIBP Transducer Over Range
NIBPEEPROMFailure,NIBP内存出错,NIBP EEPROM Failure
NIBPServiceError,NIBP服务模式错误,NIBP Service Error
NIBPServiceErrorReturn,NIBP服务模式错误，请退出！,"NIBP service error, Please return!"
NIBPServiceWait,NIBP服务模式等待中,NIBP Service Wait
NIBPServiceWaitAgain,"NIBP服务模式等待中, 请重试!","NIBP service wait, Please retry!"
CalibratePoint1,校准点1,Calibration point1
CalibratePoint2,校准点2,Calibration point2
ServiceCalibrate,校准,Calibrate
ServiceCalibrating,校准中,Calibrating
NIBPCalibrateModel,校准模式,NIBP Calibrate Model
ServiceCalibrateDesc,校准,Calibrate
ServiceSuccess,成功,Success
ServiceAgain,重新校准,Again
ServiceManometer,压力计,Manometer
NIBPManometerModel,校准模式,NIBP Manometer Model
NIBPManometerContent,压力计,NIBP Manometer
ServicePressure,压力值,Pressure
ServicePressureControl,压力控制,Pressure Control
ServicePressureControlDesc,压力控制模式,Pressure Control
NIBPPressureControlModel,压力控制模式,NIBP Pressure Control Model
Pump,气泵,Pump
ControlValve,控制阀,Control Valve
DumpValve,安全阀,Dump Valve
ServicePatientType,病人类型,Patient Type
ServiceChargePressure,预充气压力,Charge Pressure
TEMPModuleDisconnected,Temp模块未连接,Temp Module Disconnected
TEMPChannelOne,Temp通道1,Temp Channel One
TEMPChannelTwo,Temp通道2,Temp Channel Two
TEMPChannelDisable,Temp通道禁用,Temp Channel Disable
TEMPDisable,TEMP禁用,TEMP Disable
ServiceInflate,充气,Inflate
ServiceDeflate,放气,Deflate
Inflating,充气中,Inflating
ServiceCalibrateZero,校零,Calibrate Zero
NIBPCalibrateZeroModel,校零模式,NIBP Calibrate Zero Model
NIBPCalibrateZero,校零模式,NIBP Calibrate Zero 
ServiceStart,开始,Start
Upgrade,升级,Upgrade
UpgradeModule,升级模块,Upgrade Module
UpgradeStart,开始,Start
UpgradeSuccess,升级成功,Upgrade Successfully
UpgradeFailed,升级失败,Upgrade Failed
SystemWillRestartPleaseDoNotPowerOff,设备将重启，请勿断电,System will restart. Please do not power off.
BootloaderStart,Bootloader启动,Bootloader start
BootloaderStartApplication,Bootloader启动应用程序,Bootloader start application
RequestSendImageSegment,请求镜像发送文件片段,Request send image segments
EraseFlash,擦除Flash,Erase Flash
WriteImageComplete,镜像文件写入完成,Write image complete
CheckUpgradeFile,检查升级文件,Check upgrade file
CalculateChecksum,计算检验和,Calculate checksum
RequestEnterUpgradeMode,请求进入升级模式,Request enter upgrade mode
RequestSendData,请求发送数据,Request send data
WriteDeviceAttribute,写入设备属性,Write device attritube
WriteImageData,写入镜像文件数据,Write image data
UdiskNotFound,未检测到U盘,USB Disk not found
UpgradeFileNotFound,未检测到升级文件,Upgrade file not found
ChecksumFileNotFound,未检测到校验文件,Checksum file not found
ReadFileFailed,读取文件失败,Read file fail
ChecksumFailed,检验和错误,Checksum fail
ModuleNotFound,未检测到模块,Module not found
ModuleInitializeFail,模块初始化失败,Module initialize fail
ModuleEraseFlashFail,模块擦除Flash失败,Module erase flash fail
ImageFileUnmatch,镜像文件不匹配,Image file unmatch
HardwareVersionUnMatch,硬件版本不匹配,Hardware version unmatch
WriteDeviceAttritueFail,写设备属性失败,Write device attribute fail
WriteSegmentFail,写入片段失败,Write segment fail
CommunicationFail,通讯失败,Communication fail
WriteFail,写入失败,Write Fail
InvalidImageFormat,无效图片格式,Invalid image format
ImageTooLarge,"图片文件过大,图片像素不能超过:","Image too large,picture pixels should not exceed :"
FoundLogoFile,找到Logo文件,Found logo file
ServiceSystem,服务系统,Service System
ServiceVersion,版本,Version
ECGSwVersion,ECG软件版本,ECG Software Version
ECGHwVersion,ECG硬件版本,ECG Hardware Version
ECGBootloader,ECG Bootloader,ECG Bootloader
NIBPSwVersion,NIBP软件版本,NIBP Software Version
NIBPHwVersion,NIBP硬件版本,NIBP Hardware Version
NIBPBootloader,NIBP Bootloader,NIBP Bootloader
NIBPSlaveSwVersion,NIBP从片软件版本,NIBP Slave Software Version
NIBPSlaveBootloader,NIBP从片Bootloader,NIBP Slave Bootloader
SPO2SwVersion,SpO₂软件版本,SpO₂ Software Version
SPO2HwVersion,SpO₂硬件版本,SpO₂ Hardware Version
SPO2Bootloader,SpO₂ Bootloader,SpO₂ Bootloader
TEMPSwVersion,Temp软件版本,Temp Software Version
TEMPHwVersion,Temp硬件版本,Temp Hardware Version
TEMPBootloader,Temp Bootloader,Temp Bootloader
NeonateSwVersion,Neonate软件版本,Neonate Software Version
NeonateHwVersion,Neonate硬件版本,Neonate Hardware Version
NeonateBootloader,Neonate Bootloader, Neonate Bootloader
PRT48SwVersion,PRT48软件版本,PRT48 Software Version
PRT48HwVersion,PRT48硬件版本,PRT48 Hardware Version
PRT48Bootloader,PRT48 Bootloader,PRT48 Bootloader
SourceOfCO2,来源CO₂,Source of CO₂
AutoOfCO2,自动(CO₂),Auto(CO₂)
VersionReturn,返回,Return
SupervisorModifyConfig,修改配置,Modify Config
Password,密码,Password
SupervisorDel,删除,Del
SupervisorOK,确定,OK
SupervisorGeneralMenuDesc,常规设置,General Setting
SupervisorNotchFilter,工频,Notch Filter
Supervisor12lFrequency,12导带宽,12-Lead ECG Bandwidth
Weight,体重,Weight
Height,身高,Height
ID,病人ID,ID
PrintTime,打印时间,Print Time
Green,绿色,Green
Yellow,黄色,Yellow
Blue,蓝色,Blue
Red,红色,Red
Brown,棕色,Brown
White,白色,White
Magenta,品红色,Magenta
Orange,橙色,Orange
Cyan,蓝绿色,Cyan
Purple,紫色,Purple
AlarmPause,报警暂停,Alarm Pause
AlarmReset,报警复位,Alarm Reset
AlarmOff,报警关闭,Alarm Off
AlarmAudioOff,报警音关闭,Alarm Audio Off
AlarmPauseTime,报警暂停时间,Alarm Pause Time
AlarmOffPromptMechanism,报警关闭提示机制,Alarm Off Prompt Mechanism
EnableAlarmAudioOff,使能报警声音关闭,Enable Alarm Audio Off
EnableAlarmOff,使能报警关闭,Enable Alarm Off 
AlarmOffAtPowerOn,开机时报警关闭,Alarm Off At Power On
Event,事件,Event
Time,时间,Time
Date,日期,Date
SupervisorTimeAndDataMenu,时间和日期,Date Time
SupervisorDateFormat,日期格式,Date Format
YearMonthDay,年/月/日,YYYY/MM/DD
MonthDayYear,月/日/年,MM/DD/YYYY
DayMonthYear,日/月/年,DD/MM/YYYY
SupervisorTimeFormat,时间格式,Time Format
SupervisorDisplaySec,显示秒,Display Second
Monitor,监护,Monitor
Diagnostic,诊断,Diagnostic
Surgery,手术,Surgery
TriggerPrintMenu,触发打印,Trigger Print
TriggerPrintMenuDesc,触发打印,Trigger Print 
SupervisorAutoPrint12L,打印12导,Automatic Printing Of 12-Lead Report
Supervisor12LMenu,12导,12-Lead
Supervisor12LMenuDesc,12导,12-Lead
Print12LSnapshotFormat,12导快照打印格式,12-Lead Snapshot Print Format
Cabrera,卡布瑞拉,Cabrera
SupervisorTimeWindow2x6PDF,2x6PDF格式时间窗口,2x6 12-Lead Report Time Interval
SupervisorTransforFileFormat,传输文件格式,12-Lead File Format
RealTimePrintTopLead,实时打印顶部导联,Real-Time Print Top Lead
RealTimePrintMidLead,实时打印中部导联,Real-Time Print Middle Lead
RealTimePrintBottomLead,实时打印底部导联,Real-Time Print Bottom Lead
ErrorPassWordERROR,密码错误!,Password Error!
Warn,警告,Warning
SureSafePopUpUDisk,是否安全弹出U盘?,Whether to eject the USB flash disk safely?
WarningNoUSB,没有找到U盘，请检查！,"No USB disk found, please check!"
WarnLessUSBFreeSpace,U盘空间不足，请检查！,"USB disk free space is not enough, please check!"
Prompt,提示,Prompt
WaveformSources,波形资源,Waveform Sources
ParameterSources,参数资源,Parameter Sources
Replace,替换,Replace
Insert,插入,Insert
Remove,移除,Remove
BacklightAdjustment,背光调节方式,Backlight Adjustment
Mode1,模式1,Mode 1
Mode2,模式2,Mode 2
ScreenSize,屏幕尺寸,Screen Size
ScreenResolution,屏幕分辨率,Screen Resolution
Inch,英寸,Inch
TransferRescueDataByUSB,传输营救数据到U盘,Transferring Rescue Data to USB disk
TransferRescueDataByWIFI,传输营救数据到WIFI,Transferring Rescue Data to WIFI
TransferSupervisorByUSB,传输超级配置数据到U盘,Transferring Supervisor Config to U disk
TransferSupervisorByWIFI,传输超级配置数据到WIFI,Transferring Supervisor Config to WIFI
TransferRescueDataComplete,营救数据传输完成,Rescue Data Transfer Complete
TransferSupervisorComplete,超级配置传输完成,Supervisor Config Transfer Complete
TransferErrorLogToUSBComplete,U盘传输错误日志完成,Transfer error log to USB disk complete
TransferErrorLogToUSB,U盘传输错误日志,Transfer error log to USB disk
TransferFailed,传输失败,Transfer Failed
TransferCancel,传输取消,Transfer Cancel
TransferDisconnect,USB设备非法拔出,USB disk disconnected abnormally
NotDisconnectUSB,不要断开USB设备,Do not disconnect the USB disk
RemoveUSB,传输完成，可以移除USB设备了,"Transfer is done, you can remove the USB disk safely"
USB,USB,USB
TransferSelectedRescue,传输选择的营救事件,Select Rescue Incident to Transfer
TransferType,传输类型,Transfer Type
TransferSelect,传输选择项,Transfer Selection
TransferAll,传输所有,Transfer All
EraseSelectedRescueData,是否删除选择的营救数据？,Whether to erase selected rescue data?
EraseSelect,擦除选择项,Erase Select
EraseAll,擦除全部,Erase All
Set,设置,Set
Incident,事件,Incident
Type,类型,Type
Level,级别,Level
Upper,过高,Upper
Lower,过低,Lower
EventList,事件列表,Event List
PrintList,打印列表,Print List
EventListPrint,事件列表打印,Event Log Print
RealTimePrint,实时打印,Realtime Print
RealtimeSegmentWavePrint,片段实时波形打印,Realtime Segment Wave Print
FrozenWavePrint,冻结波形打印,Frozen Wave Print
FreezeTime,冻结时间,Freeze Time
TabularTrendsPrint,趋势表打印,Tabular Trends Print
GraphicTrendsPrint,趋势图打印,Graphic Trends Print
EventTime,事件时间,Event Time
WaveFreeze,波形冻结,Wave Freeze
All ,全部,All
Hint ,提示,Hint
SelectIncidents,选择营救事件,Select Incidents
HistoryTrend,历史回顾,History Review
HistoryDataList,历史数据,History Data
SelectHistoryData,选择历史数据,Select Data
TrendTable,趋势表,Trend Table
Page,翻页,Page
TrendGraph,趋势图,Trend Graph
Scroll,滚动,Scroll
EventReview,事件回顾,Event Review
OxyCRGEventReview,呼吸氧合回顾,OxyCRG Review
TrendTableSet,趋势表设置,Trend Table Set
TrendGraphSet,趋势图设置,Trend Graph Set
ResolutionRatio,分辨率,Resolution
TrendGroup,趋势组,Trend Group
MoveCoordinate,移坐标,Move Coordinate
MoveCursor,移游标,Move Cursor
MoveEvent,事件移动,Move Event
AllAuto,全部自动,All Auto
TimeInterval,时间间隔,Time Interval
WaveNumber,波形数量,Wave Number
AutoRuler,自动标尺,Auto Ruler
DownRuler,下标尺,Down Ruler
UpRuler,上标尺,Up Ruler
Column,显示列,Column
Trend,趋势,Trend
Summary,概要,Summary
Clear,清除,Clear
ClearAllRescueData,是否清除所有营救数据？,Whether to clear all the rescue data?
CheckPatient,检查病人,Check Patient
NIBPReading,NIBP快照,NIBP Snapshot
PhyAlarm,生理报警,Phy. Alarm
PrinterCommunicationStop,打印机通信中断,Printer Communication Stop
PrinterDataTransmissionStop,打印机发送通信中断,Printer Data Transmission Stop
PrinterDoorOpened,打印机仓门未关,Printer Door Opened
PrinterOutOfPaper,打印机缺纸,Printer Out Of Paper
PrinterOverHeating,打印头过热,Printer Over Heating
PrinterFault,打印机故障,Printer Fault
ReplaceBattery,替换电池,Replace Battery
BatteryDisconnected,电池未连接,Battery Disconnected
BatteryError,电池错误,Battery Error
BatteryCommFault,电池通信故障,Battery Comm Fault
BatteryInfo,电池信息,Battery Info
Hardware,硬件,Hardware
Name,姓名,Name
TransferECG12LeadByUSB,USB传输12导,Transfer 12 Lead ECG by USB
TransferECG12LeadByWIFI,wifi传输12导,Transfer 12 Lead ECG by WIFI
TransferECG12LeadComplete,12导传输完成,Transfer 12 Lead ECG Complete
SucceedRescueDataByWIFI,成功传送12导联邮件,Succeed to Transfer Email by WIFI
SucceedErrorLogByUSB,成功通过U盘发送错误日志,Succeed to Transfer Errorlog by USB
ScreenCapture,截屏,Screen Capture
CaptureSuccess,截屏成功,Capture screen successfully.
CaptureFailed,截屏失败,Capture screen failed.
ECGGain,ECG增益,ECG Gain
Printspeed,打印速度,Print speed
SerialNum,序列号,Serial Number
SWVersion,软件版本,Software Version
CodeMarker,Code Marker,Code Marker
CodeMarker1,CPR,CPR
CodeMarker2,EPI,EPI
CodeMarker3,Atrop,Atrop
CodeMarker4,DOPA,DOPA
CodeMarker5,PHEN,Bicarb
CodeMarker6,Bicarb,Aspirin
CodeMarker7,Aspirin,Oxygen
CodeMarker8,Oxygen,IV
CodeMarker9,IV,Morphine
CodeMarker10,Morphine,Valium
CodeMarker11,Valium,B-block
CodeMarker12,B-block,LIDO
CodeMarker13,LIDO,Mag Sulf
CodeMarker14,Mag Sulf,Thrombo
CodeMarker15,Thrombo,Heparin
CodeMarker16,Sedation,Procain
CodeMarker17,Heparin,Cordar
CodeMarker18,Procain,Thiamine
CodeMarker19,Amio,Intubate
CodeMarker20,Thiamine,Narcan
CodeMarker21,Dilantin,Atrovent
CodeMarker22,Intubate,Adenosin
CodeMarker23,Narcan,Fentanyl
CodeMarker24,Atrovent,Digoxin
CodeMarker25,Adenosin,Vasopr
CodeMarker26,Fentanyl,Dextrose
CodeMarker27,Digoxin,Paralytic
CodeMarker28,Vasopr,Nitro
CodeMarker29,Dextrose,Lasix
CodeMarker30,Paralytic,Calcium
CodeMarker31,Albuterol,Albuterol
CodeMarker32,Nitro,Nitro
DoseCalculation,剂量计算,Dose Calculation
DrugName,药物名称,Drug Name
DrugTotal,药量,Drug Qty
LiquidVolume,液体容积,Sol Volume
DrugConcentration,药物浓度,Concentr.
Dosemin,剂量,Dose
ET,Et,Et
FI,Fi,Fi
Dosehr,剂量,Dose
DoseKgmin,剂量,Dose
DoseKghr,剂量,Dose
InfusionRate,输液速度,Inf Rate
DripRate,滴速,Drip Rate
DropSize,每滴体积,Drop Size
Duration,持续时间,Inf Time
TitrationTable,滴定表,Titration Table
DrugA,药物 A,Drug A 
DrugB,药物B,Drug B
DrugC,药物C,Drug C
DrugD,药物D,Drug D
DrugE,药物E,Drug E
Aminophyline,氨茶碱,Aminophyline
Dobutamine,多巴酚丁胺,Dobutamine
Dopamine,多巴胺,Dopamine
Epinephrine,肾上腺素,Epinephrine
Heparin,肝素,Heparin
Isuprel,异丙肾上腺素,Isuprel
Lidocaine,利多卡因,Lidocaine
Nipride,硝普钠,Nipride
Nitroglycerin,硝化甘油,Nitroglycerin
Pitocin,催产素,Pitocin
InvalidInput,输入无效，有效范围,"Invalid input, valid range"
Record,记录,record
TitrateTableSet,滴定表设置,titrate table set
Step,步长,step
DatumTerm,基准项,datum term
DoseType,剂量类型,dose type
minDose,剂量/min,dose/min
hDose,剂量/h,dose/h
kgminDose,剂量/kg/min,dose/kg/min
kghDose,剂量/kg/h,dose/kg/h
InputValue,输入值,Input Value
OutputValue,输出值,Output Value
CalculationReview,计算回顾,Calculation Review
CheckOutput,查看输出,Check Output
Calculation ,计算,Calculation
ReferenceRange,参考范围,Reference Range
CheckInput,查看输入,Check Input
PrimitiveCalculation,原始计算,Primitive Calculation
InOutValue,输入/输出值,In/Out Value
ZeroInProgress,校零进行中,Zero in progress
CalibrationSuccess,校准成功,Success
CalibrationFail,校准失败,Fail
UpperScale,压力上标尺,Upper Scale
LowerScale,压力下标尺,Lower Scale
Ruler,标尺,Ruler
LessThan,小于,Less Than
GreaterThan,大于,Greater Than
ZeroRequired,需要校零,Zero Required
Channel,通道,Channel
SmartPluseTone,智能脉搏音,Smart PluseTone
RespMenuDesc,Resp菜单设置,Resp
OFF,关闭,OFF
ON,打开,ON
NIBPInitialPressure,初始袖口气压,NIBP Initial Pressure
IntervalTime,自动间隔时间,Interval Time
ExportFileCompleted,导出文件完成,Export File Completed
ExportImport,导出/导入,Export/Import
ExportImportDesc,导出/导入,Export/Import
ExportImportConfig,导出/导入配置,Export/Import Config
Export,导出,Export
Import,导入,Import
Repeated,覆盖,Repeated
FileExistsOverWrite,存在同名文件，是否选择覆盖,"File exists, overwrite?"
ImportFileFailed,导入文件失败,Import File failed
ImportFileExceedRange,导入文件数量已达到最大,The number of import files exceed range
OutOfNamingRange,超出命名范围,Out Of Naming Range
ImportFileCompleted,导入文件完成,Import File Completed
PleaseAddImportFiles,请增加导入文件,Please Add Import Files
FactoryMaintain,工厂维护,Factory Maintain
FactoryMaintainPassword,工厂维护密码,Factory Maintain Password
FactoryMaintainModifyConfig,工厂维护修改配置,Factory Maintain Modify Config
MachineConfigModuleMenu,机器配置,Machine Config
IBPModule,IBP,IBP
CO2Module,CO₂,CO₂
ECG12LeadsModule,ECG 12导,ECG 12 Leads
PrinterModule,打印机模块,Printer Module
WIFIModule,WIFI,WIFI
TouchScreenModule,触摸屏,Touch Screen
ResistiveScreen,电阻屏,Resistive Screen
CapacitiveScreen,电容屏,Capacitive Screen
NurseCallingModule,护士呼叫设置模块,Nurse Calling Module
NurseCall,护士呼叫,Nurse Call
NurseCallingSettingWindow,护士呼叫设置窗口,Nurse Calling Setting Window
Continuous,连续,Continuous
Pulse,脉冲,Pulse
ContactType,触发方式,Contact Type
NormallyClosed,常闭,Normally Closed
NormallyOpen,常开,Normally Open
AlarmLev,报警级别,Alarm Lev
AlarmType,报警类型,Alarm Type
AnalogOutputModule,模拟输出模块,Analog Output Module
COModule,C.O.,C.O.
PHASEIN,PHASEIN,PHASEIN
MachineConfigModuleMenuDesc,机器配置,Machine Config
MonitorInfoMenu,监护仪信息,Monitor Info
RunningTime,运行时间,Running Time
BatteryCapacity,电池电量,Battery Capacity
BatteryFullCapacity,电池电量满,Full Capacity
BatteryLowCapacity,电池电量低,Low Capacity
BatteryNoPresent,电池不存在,No Present
ProductModel,产品型号,Product Model
MACAddress,物理地址(MAC),MAC Address
ElectronicSerialNumber,电子序列号,Electronic Serial Number
SetElectronicSerialNumber,设置电子序列号,Set Electronic Serial Number
MonitorInfoMenuDesc,监护仪信息菜单设置,Monitor Info
NeoNIBPMeasure,NIBP新生儿测量,Neo. NIBP Measurement
NIBPMaintainMenu,NIBP维护,NIBP Maintain
NIBPMaintain,NIBP维护,NIBP Maintain
NIBPMaintainMenuDesc,NIBP维护,NIBP Maintain
O2Calibrate,氧浓度校准,O₂ Calibrate
O2CalibrateDesc,氧浓度校准,O₂ Calibrate
Percent21Calibration,21% 校准,21% Calibrate
Percent100Calibration,100% 校准,100% Calibrate
ServiceErrorLogEntrance,错误日志,ErrorLog
ServiceErrorLogEntranceDesc,错误日志,ErrorLog
ErrorLogErase,擦除,Erase
ErrorLogExport,导出,Export
ErrorLogInfo,信息,Info
ServiceUpdateEntrance,更新,Service Update
ServiceUpdateEntranceDesc,更新,Service Update
SoftwareVersion,软件版本,Software Version
SoftwareVersionMenu,软件版本,Software Version
ReleaseVersion,发布版本,Release Version
Uboot,系统引导文件,Uboot
Kernel,内核,Kernel
SystemBoardSwVersion,系统板软件版本,System Board Software Version
SystemBoardHwVersion,系统板硬件版本,System Board Hardwave Version
SystemboardBootloader,系统板Bootloader,System Board Bootloader
ECGAlgorithmType,ECG算法类型,ECG Algorithm Type
UserMaintainGeneralMenuDesc,通用,General
UserMaintainGeneralMenu,通用,General
AlarmMaintainMenu,报警维护,Alarm Maintain
AlarmMaintainMenuDesc,报警维护,Alarm Maintain
MinimumALarmVolume,最小报警音量,Minimum Alarm Volume
AlarmPauseTime,报警暂停时间,Alarm PauseTime
RESPWaveGain,增益,Gain
AlarmOffPromptMechanism,报警关闭提示机制,Alarm Off Prompt Mechanism
AlarmAudio,报警音,Alarm Audio
EnableAlarmOff,报警关闭,Enable Alarm Off
AlarmOffAtPowerOn,接通电源报警,Alarm Off At Power On
IsPauseMaxAlarm15Min,是否暂停最大报警15分钟,Is Pause Max Alarm 15Min
ReminderTone,提醒音,Reminder Tone
close,关闭,close
open,打开,open
H1min,1分钟,1min
T1,T1,T1
T2,T2,T2
Tskin,体表,T skin
Tcore,核心,T core
Taxil,腋下,T axil
Tnaso,鼻咽,T naso
Teso,食道,T eso
Trect,直肠,T rect
Tamb,环境,T amb
Tairw,气道,T airw
Tvesic,膀胱,T vesic
Tblood,血液,T blood
Tmyo,心肌,T myo
Ttymp,鼓膜,T tymp
Tbrain,大脑,T brain
H2min,2分钟,2min
H3min,3分钟,3min
Defaults,默认,Defaults
RestoreDefaults,恢复默认,Restore Defaults
ModuleMaintainMenu,模块维护,Module Maintain
ModuleMaintainMenuDesc,模块维护,Module Maintain
AnaesthesiaModuleCalibration,麻醉模块化校准,Anaesthesia Module Calibration
IBP1PressureCalibration,IBP通道1校准,IBP1 Pressure Calibration
IBP2PressureCalibration,IBP通道2校准,IBP2 Pressure Calibration
CO2ModuleMaintenance,CO₂模块维护,CO₂ Module Maintenance
NIBPPressureTest,NIBP压力测试,NIBP Pressure Test
NIBPLeakageDetection,NIBP泄露检测,NIBP Leakage Detection
NIBPServiceModuleErrorQuitTryAgain,NIBP维护模式错误，请关机重试,NIBP service module error，Please reboot and retry!
ECGModuleCalibration,ECG模块校准,ECG Module Calibration
TouchScreenCalibration,触摸屏校准,Touch Screen Calibration
TouchScreen,触摸屏,Touch Screen
StopAnaesthesia,停止麻醉模块,Stop Anaesthesia
Anaesthesia,麻醉模块,Anaesthesia
StopNIBPPressureTest,停止无创血压测试,Stop NIBP Pressure Test
StopIBPPressureCalibration,停止有创血压校准,Stop IBP Pressure Calibration
StopNIBPLeakageDetection,停止无创血压泄露检测,Stop NIBP Leakage Detection
StopECGModuleCalibration,停止ECG模块校准,Stop ECG Module Calibration
StopCO2ModuleMaintenance,停止CO₂模块维护,Stop CO₂ Module Maintenance
StopTouchScreenCalibration,停止触摸屏校准,Stop Touch Screen Calibration
OthersMaintainMenu,其他,Others
OthersMaintainMenuDesc,其他,Others
WaveDrawMode,波形绘画方式,Wave Draw Mode
Mono,阶梯,Mono
Color,色阶,Color
WaveLine,波形线条,Wave Line
Thick,粗,Thick
Medium,中,Medium
Thin,细,Thin
ECGStandard,ECG标准,ECG Standard
AHA,AHA,AHA
IEC,IEC,IEC
Protected,保护,Protected
Unprotected,非保护,Unprotected
ParaSwitch,参数开关,Parameters Switch
NurseCallSetup,护士呼叫设置,Nurse Call Setup
Setting,设置,Setting
RealtimePrintSegment,实时打印,Real Time Print
NibpMeasurement,NIBP测量,NIBP Measurement
StopSetting,停止设置,Stop Setting
SignalType,信号类型,Signal Type
Pluse,脉冲,Pluse
TriggerMode,触发模式,Trigger Mode
AlarmLevel,报警级别,Alarm Level
AlarmType,报警类型,Alarm Type 
Technology,技术,Technology
Physiology,生理,Physiology
UserMaintainPassword,监护仪维护密码,Monitor Maintain Password
Department,科室,Department
UserMaintain,监护仪维护,Monitor Maintain
BedNumber,床号,Bed No.
ModifyPassword,密码,Password
ChangeBedNumberRight,更改床号权限,Changing Bed Number
Language,语言,Language
ChangeLanguageTip,切换语言将在重启后生效,Language will take effect after reboot.
EditMonitorName,监护仪名称,Monitor Name
UserMaintainModifyConfig,监护仪维护修改配置,Monitor Maintain Modify Config
ProfileConflict,配置冲突,Profile Conflict
WiredWorkMaintainMenu,有线网络,Wired Network
WiredWorkMaintainMenuDesc,有线网络,Wired Network
AddressType,地址类型,Address Type
manual,手动,manual
DHCP,DHCP,DHCP
IpAddress,IP地址,IP Address
high,高,High
normal,中,Normal
low,低,Low
ConfigManagerDesc,配置管理,Config Manage
ConfigManager,配置管理,Config Manage
DefaultConfig,默认配置,Default Config
DefaultConfigDesc,默认配置,Default Config
AdultDefaultConfig,成人默认配置,Adult Default Config
PedDefaultConfig,小儿默认配置,Pediatric Default Config
NeoDefaultConfig,新生儿默认配置,Neonatal Default Config
FactoryConfig,工厂配置,Factory Config
CurrentConfig,当前配置,Current Config
ConfigManagerment,配置管理,Config Manage
ConfigManagermentDesc,配置管理,Config Manage
General,通用,General
SetConfigName,设置配置项名称,Set Config Name
GeneralDesc,通用设置,General
ConfigName,配置名称,Config Name
ECG1,ECG1,ECG1
QRSVolume,音量,QRS Volume
ConfigIBPMenu,有创血压,Config IBP
NotchFilter,陷波滤波器,Notch Filter
MeasureControl,测量控制,Measure Control
ConfigIBPMenuDesc,有创血压,Config IBP Menu
ConfigEditDisplayMenu,模块颜色,Display Menu
ConfigEditDisplayMenuDesc,模块颜色设置,Display
English,英文,English
Chinese,中文,Chinese
UnitSetup,单位,Unit Setup
UnitSetupDesc,单位,Unit Setup
HeightUnit,身高单位,Height Unit
WeightUnit,体重单位,Weight Unit
STUnit,ST段单位,ST Unit
NIBPUnit,NIBP单位,NIBP Unit
IBPUnit,IBP单位,IBP Unit
TemperatureUnit,温度单位,Temperature Unit
CVPUnit,中心静脉压单位,CVP Unit
ICPUnit,颅内压单位,ICP Unit
CO2Unit,CO₂单位,CO₂ Unit
ApneaDelay,窒息延迟,Apnea Delay
BreathLead,呼吸导联,Breath Lead
SweepSpeed,波形速度,Sweep Speed
RespMenu,Resp,Resp Menu
manaul,手动,manaul
FactoryTest,测试,Test
FactoryTestDesc,测试,Test
FactoryLight,灯光,Factory Light
FactorySound,声音,Factory Sound
FactoryKey,按键 ,Factory Key
FactoryPrinter,打印机,Factory Printer
FactoryWifi,无线网,Factory Wifi
FactoryEnthernet,有线网 ,Factory Enthernet
FactoryBattery,电池 ,Factory Battery
FactoryDataRecord,数据记录,Data Record
FactoryDataRecordDesc,数据记录,Data Record
TEMPCalibrateMenuDesc,Temp校准,Temp Calibrate
TEMPCalibrateMenu,Temp校准,Temp Calibrate
SystemInfoSettingDesc,系统信息,System Info
FactoryVersionInfo,版本信息,Version Info
FactoryVersionInfoDesc,版本信息,Version Info
WaitingCalibration,等待校准,Waiting
Calibrating,正在校准,Calibrating
is,是,is
TEMPCalibrateOhm,校准阻值,Resistance
Ohm,Ω,Ω
TEMPModuleNotCalibration1,Temp模块通道1未定标,Temp Channel 1 Not Calibration
TEMPModuleNotCalibration2,Temp模块通道2未定标,Temp Channel 2 Not Calibration
TEMPModuleDisable,Temp模块禁用,Temp Module Disable
TEMPCommunicationStop,Temp通信中断,Temp Communication Stop
TempDataTransmissionStop,Temp发送通信中断,Temp Data Transmission Stop
TEMPModuleAbnormal,Temp模块异常,Temp Module Is Abnormal
N2O,N₂O,N₂O
AA1,自动识别麻醉气体1,AA1
AA2,自动识别麻醉气体2,AA2
O2,O₂,O₂
SetUp,设置,SetUp
AGModule,AG,AG
AG,AG,AG
LoadConfig,加载配置,Load Config
ChangeConfig,所有设置将使用所选择的配置的内容，您确定进行吗？,All settings will be changed according to the selected configuration.Are you sure to continue?
Load,加载,Load
View,查看,View
LoadConfigDesc,加载配置,Load Config
Trend1,趋势图1 ,Trend 1
Trend2,趋势图2,Trend 2
RulerAdjust,标尺调整,Ruler Adjust
TrendWaveSelect,趋势波形设置,Trend Wave Select
OxyCRGWidgetSetup,呼吸氧和设置,OxyCRGWidget Setup
Wave,波形,Wave
DefaultSetting,缺省设置,Default Setting
CO2Low,CO₂低,CO₂ Low
CO2High,CO₂高,CO₂ High
AutoRuler,自动标尺,Auto Ruler
RESPLow,Resp低,Resp Low
RESPHigh,Resp高,Resp High
Static,静态,Static
PageNum,页,Page
ImportFiles,导入文件,ImportFiles
LoadConfigMenuContent,加载配置,Load Config
LoadConfigMenuContentDesc,加载配置,Load Config
ConfigManagerPassword,配置管理密码,Config Manager Password
ConfigEditCodeMarkerMenu,Code Marker,Code Marker
ConfigEditCodeMarkerMenuDesc,Code Marker,Code Marker
ConfigEditIBPMenuDesc,有创血压设置,IBP
ConfigEditSpO2MenuDesc,SpO₂设置,SpO₂
DeleteSelectedWifiProfile,确定删除选择的wifi配置？,Confirm delete selected wifi profile ?
ToneVolume,提示音量,Tone Volume
SoftKeyPatientInfo,病人信息,Patient Info.
Dose,剂量,Dose
Blood,血型,Blood
DeleteAll,删除全部,Delete All
DeletePatientData,删除病人数据,Delete Patient Data
Freeze,冻结,Freeze
DisableTouchScreen,禁触摸屏,Disable Touch
EnabledTouchScreen,启触摸屏,Enabled Touch
Open,开放,Open
Start,开始,Start
AlarmLightOnAlarmReset,报警复位时报警灯,Alarm Light On When Reset
Prev,上一页,Prev
Next,下一页,Next
Opened,已开,Opened
Closed,已关,Closed
AlarmType,报警类型,Alarm Type
EraseData,擦除数据,Erase Data
ScreenSetting,界面设置,Screen
ScreenSettingDesc,界面设置,Screen Setting
CurrentScreen,当前界面,Current Screen
ScreenLayout,界面布局,Screen Layout
Standard,标准,Standard
OxyCRG,呼吸氧合,OxyCRG
Trend,趋势,Trend
BigFont,大字体,Big Font
DEMO,  演  示  ,  DEMO  
DemoMode,演示模式,Demo Mode
DemoModePassword,演示模式密码,Demo Mode Password
ExitDemoMode,退出演示模式,Exit Demo Mode
DemoConfigDesc,演示设置,Demo Configuration
BatteryCalibrationRequired,电池校准请求,Battery Calibration Required
StartTime,开始时间,Start Time
EndTime,结束时间,End Time
PrintLength,打印长度,Print Length
Hours,时,Hours
Minutes,分,Minutes
Seconds,秒,Seconds
ConfirmClearErrorLog,确认是否清理错误日志,Confirm clear the error log
Speed,速度,Speed
Gain,增益,Gain
NIBPList,NIBP列表,NIBP List
CalculateMenu,计算,Calculate
HemodynamicCalculation,血液动力学计算,Hemodynamic Calculation
CalculateMenuDesc,计算设置,Calculation
Standby,待机,Standby
CO2Standby,CO₂待机,CO₂ Standby
CO2Measure,CO₂测量,CO₂ Measure
ChooseScreen,界面选择,Screen
ParameterSwitch,参数开关,Para Switch
eventReview,事件回顾,Event
NightMode,夜间模式,Night Mode
Patient,病人信息,Patient
IBPCOModule,IBP+CO模块,IBP+CO Module
ShuttingDown,正在关机,Shutting Down
StandardScreenLayout,标准界面布局,Standard Screen Layout
BigFontScreenLayout,大字体界面布局,Big Font Screen Layout
MinitrendSetup,短趋势设置,Minitrend Setup
MinitrendLength,动态趋势时间,Minitrend Length
SelectParameters,参数选择,Select Parameters
Ok,确定,Ok
SelectOriginalConfig,选择原始配置,Select Original Config
RestoreDefault,恢复默认值,Defaluts
CurrentConfig,当前配置,Current Config
FactoryConfig,工厂配置,Factory Config 
_12Hour,12 小时,12 Hour
_24Hour,24 小时,24 Hour
System,系统,System
Machine,机器,Machine
AdultConfig.Original.xml,成人缺省,Default Adu Config.
NeoConfig.Original.xml,新生儿缺省,Default Neo Config.
PedConfig.Original.xml,小儿缺省,Default Ped Config.
System.Original.xml,系统配置,System Config.
Machine.xml,机器配置,Machine Config.
SaveCurrentSetting,保存设置,Save Current Setting
SaveCurrentSettingAs,保存设置,Save Setting
SaveCurrentSettingAsDesc,保存设置,Save Setting
reachedTheMaximunOfConfigurations,用户配置已满，继续保存之前请删除已有的用户配置,The maximum of user configurations is reached.Please delete existing user configurations first.
SaveAsUserConfig,用户配置保存,Save As User Config
SaveTheCurrentSetting,保存当前监护仪的设置为用户配置,Save the current settings as user configuration.
NameTheConfigurationName,您的配置命名为,Please name the configuration.
ConfigurationName,配置名称,Configuraiton Name
HasExistConfig,该配置名称与监护仪上配置重名。请重新命名！,The configuration name is repeated with the configuration.Please rename!
ECGFullScreen,ECG全屏,ECG Full Screen
isSaveLayout,是否保存布局配置？,Do you want to save the layout config?
LowBattery,电量过低,Low quantity of electricity
RESPCheckElectrodes,检查电极,Check Electrodes
SPO2SignalWeak,SpO₂信号弱,SpO₂ Signal Weak
SPO22SignalWeak,SpO₂ 2信号弱,SpO₂ 2 Signal Weak
SPO2CableOff,SpO₂线缆断开,SpO₂ Cable Off
SPO22CableOff,SpO₂ 2线缆断开,SpO₂ 2 Cable Off
SPO2FingerOff,SpO₂ 未检测到手指,SpO₂ Finger Off
SPO22FingerOff,SpO₂ 2 未检测到手指,SpO₂ 2 Finger Off
SPO2LEDFault,SpO₂调光错误,SpO₂ LED Fault
SPO22LEDFault,SpO₂ 2调光错误,SpO₂ 2 LED Fault
SPO2LowPerfusion,SpO₂弱灌注,SpO₂ Low Perfusion
SPO22LowPerfusion,SpO₂ 2弱灌注,SpO₂ 2 Low Perfusion
SPO2DefectiveCable,SpO₂线缆故障,SpO₂ Defective cable
SPO22DefectiveCable,SpO₂ 2线缆故障,SpO₂ 2 Defective cable
SPO2CableExpired,SpO₂线缆过期,SpO₂ Cable expired
SPO22CableExpired,SpO₂ 2线缆过期,SpO₂ 2 Cable expired
SPO2IncompatibleCable,SpO₂不兼容线缆,SpO₂ Incompatible cable
SPO22IncompatibleCable,SpO₂ 2不兼容线缆,SpO₂ 2 Incompatible cable
SPO2UnrecongnizedCable,SpO₂未识别线缆,SpO₂ Unrecongnized cable
SPO22UnrecongnizedCable,SpO₂ 2未识别线缆,SpO₂ 2 Unrecongnized cable
SPO2CableNearExpiration,SpO₂线缆即将到期,SpO₂ Cable near expiration
SPO22CableNearExpiration,SpO₂ 2线缆即将到期,SpO₂ 2 Cable near expiration
SPO2SensorExpired,SpO₂传感器已过期,SpO₂ Sensor expired
SPO22SensorExpired,SpO₂ 2传感器已过期,SpO₂ 2 Sensor expired
SPO2IncompatibleSensor,SpO₂传感器不兼容,SpO₂ Incompatible sensor
SPO22IncompatibleSensor,SpO₂ 2传感器不兼容,SpO₂ 2 Incompatible sensor
SPO2UnrecongnizedSensor,SpO₂未识别传感器,SpO₂ Unrecongnized sensor
SPO22UnrecongnizedSensor,SpO₂ 2未识别传感器,SpO₂ 2 Unrecongnized sensor
SPO2DefectiveSensor,SpO₂传感器故障,SpO₂ Defective sensor
SPO22DefectiveSensor,SpO₂ 2传感器故障,SpO₂ 2 Defective sensor
SPO2CheckCableAndSensorFault,SpO₂检查线缆和传感器故障,SpO₂ Check cable and sensor fault
SPO22CheckCableAndSensorFault,SpO₂ 2检查线缆和传感器故障,SpO₂ 2 Check cable and sensor fault
SPO2SensorNearExpiration,SpO₂传感器即将到期,SpO₂ Sensor near expiration
SPO22SensorNearExpiration,SpO₂ 2传感器即将到期,SpO₂ 2 Sensor near expiration
SPO2NoAdhesiveSensor,SpO₂无粘性传感器,SpO₂ No adhesive sensor
SPO22NoAdhesiveSensor,SpO₂ 2无粘性传感器,SpO₂ 2 No adhesive sensor
SPO2AdhesiveSensorExpiraton,SpO₂粘性传感器截止,SpO₂ Adhesive sensor expiraton
SPO22AdhesiveSensorExpiraton,SpO₂ 2粘性传感器截止,SpO₂ 2 Adhesive sensor expiraton
SPO2IncompatibleAdhesiveSensor,SpO₂不兼容的粘性传感器,SpO₂ Incompatible adhesive sensor
SPO22IncompatibleAdhesiveSensor,SpO₂ 2不兼容的粘性传感器,SpO₂ 2 Incompatible adhesive sensor
SPO2UnrecongnizedAdhesiveSensor,SpO₂未识别的粘性传感器,SpO₂ Unrecongnized adhesive sensor
SPO22UnrecongnizedAdhesiveSensor,SpO₂ 2未识别的粘性传感器,SpO₂ 2 Unrecongnized adhesive sensor
SPO2DefectiveAdhesiveSensor,SpO₂有缺陷的粘性传感器,SpO₂ Defective adhesive sensor
SPO22DefectiveAdhesiveSensor,SpO₂ 2有缺陷的粘性传感器,SpO₂ 2 Defective adhesive sensor
SPO2SensorIniting,SpO₂传感器初始化,SpO₂ Sensor initing
SPO22SensorIniting,SpO₂ 2传感器初始化,SpO₂ 2 Sensor initing
SPO2InterferenceDetected,SpO₂检测到干扰,SpO₂ Interference detected
SPO22InterferenceDetected,SpO₂ 2检测到干扰,SpO₂ 2 Interference detected
SPO2DemoMode,SpO₂演示模式,SpO₂ Demo mode
SPO22DemoMode,SpO₂ 2演示模式,SpO₂ 2 Demo mode
SPO2AdhesiveSensorNearExpiration,SpO₂粘性传感器即将到期,SpO₂ Adhesive sensor near expiration
SPO22AdhesiveSensorNearExpiration,SpO₂ 2粘性传感器即将到期,SpO₂ 2 Adhesive sensor near expiration
SPO2CheckSensorConnection,SpO₂检查传感器连接,SpO₂ Check sensor connection
SPO22CheckSensorConnection,SpO₂ 2检查传感器连接,SpO₂ 2 Check sensor connection
SPO2OnlyMode,仅限SpO₂模式,SpO₂ only mode
SPO22OnlyMode,仅限SpO₂ 2模式,SpO₂ 2 only mode
SPO2BoardFailure,SpO₂板卡错误,SpO₂ Board Failure
SPO22BoardFailure,SpO₂ 2板卡错误,SpO₂ 2 Board Failure
SPO2Program,SpO₂ 编程,SpO₂ Program 
RequestEnterProgramMode,请求进入编程模式,Request Enter Program Mode
Programming,正在编程,Programming
ProgramComplete,编程完成,Program Complete
CommunicationError,通信失败,Communication Error
FlashError,Flash 错误,Flash Error
InvalidUpgradeApplication,更新应用程序无效,Invalid Upgrade Application
InvalidToolConfiguration,工具配置无效,Invalid Tool Configuration
NIBPSimul,NIBP同侧,NIBP Simul
Input8DigitsPassword,请输入8位数字密码,Please input 8 digits password
BornDate,出生日期,Born Date
CurrentPatientStorageSpaceFull,当前监护数据存储空间满,Current monitoring data storage space full
ChangePatientType,更改病人类型会导致配置更改，您确认要这么做吗？,Changing patient type will cause the configuration changes，Are you sure?
shutDownIn2Min,电量严重不足，将在两分钟后关机，请连接电源,Serious shortage of electricity.System will shutdown in two minutes.Please connect the power supply.
handMeasure,手部测量,Hand Measure
footMeasure,足部测量,Foot Measure
CCHDCheck,CCHD筛查,CCHD Check
SpO2Value,SpO₂数据,SpO₂ Value
SpO2_2Value,SpO₂ 2数据,SpO₂ 2 Value
Negative,阴性,Negative
Positive,阳性,Positive
Result,结果,Result
RepeatCheck,一小时内重复测量3次以确认结果,Repeat 3 times in one hour to confirm the result.
footValue,足部数据,foot
handValue,手部数据,hand
SPO2ValueInvaild,采集数据无效，请检查SpO₂模块,The collect data is invaild，Please check SpO₂ module
ErrorLogExportAt,错误日志导出时间: ,Error Log export at  
NumberOfErrors,错误数量: ,Number of Errors: 
NumberOfCriticalFaults,严重故障数量: ,Number of Critical Faults: 
MostRecentError,最近发生错误: ,Most Recent Error: 
MostRecentCriticalFault,最近发生严重错误: ,Most Recent Critical Fault: 
OldestError,最早的错误: ,Oldest Error: 
LastEraseTime,上次擦除时间: ,Last Erase Time:
Subsystem,子系统: ,Subsystem: 
SystemState,系统状态: ,System State: 
SystemResponse,系统回应: ,System Response: 
BLM_S5,BLM S5,BLM S5
MASIMO_SPO2,Masimo SpO₂,Masimo SpO₂
RAINBOW_SPO2,Rainbow SpO₂,Rainbow SpO₂
BLM_N5,BLM N5,BLM N5
SUNTECH_NIBP,Suntech Nibp,Suntech Nibp
BLM_CO2,BLM CO₂,BLM CO₂
MASIMO_CO2,Masimo CO₂,Masimo CO₂
size8Inch,8 inch,8 inch
size10Inch,10 inch,10 inch
size12Inch,12 inch,12 inch
ScreenInfo,屏幕大小,Screen Size
TouchCrosshairToCalibrate,触摸十字线校准,Touch crosshair to calibrate
ChangeTime,更改系统时间将会新建病人，是否继续？,"Change system time will create new patients,Whether to continue?"
NeoMachine,新生儿机器,Machine For Neonate
SystemBoardSendCommunicationStop,系统板发送通讯中断,System Board Send Communication Stop
NurseCall,护士呼叫,Nurse Call
AnalogOutput,模拟输出,Analog Output
SyncDefibrillation,同步除颤,Sync Defibrillation
SpO2Configure,Rainbow SpO₂配置,Rainbow SpO₂ Configuration
LowConfigure,低配,Low Configuration
HighConfigure,高配,High Configuration
SystemBoardSendCommunicationStop,系统板发送通讯中断,System Board Send Communicaiton Stop
